period_id,metric_version,source_class,rule_version,category_level,category_code,category_name,parent_category_code,parent_category_name,event_count,content_count,active_brand_count,likes_valid_count,likes_missing_count,likes_sum,likes_mean,likes_median,likes_p75,likes_p90,likes_max,top_content_id,sample_flag,snapshot_age_hours_min,snapshot_age_hours_median,snapshot_age_hours_max
2026-W30,bi-metric-v1.2,brand,bi-tag-rule-v1.2,1,tea,茶饮,,,17,46,7,46,0,72983,1586.59,688,1353,4844,11000,xhs-6a61909f0000000001002bb5,sufficient_for_descriptive_stats,3.7,77.55,155.7
2026-W30,bi-metric-v1.2,brand,bi-tag-rule-v1.2,1,coffee,咖啡,,,12,41,4,41,0,45818,1117.51,612,1229,2834,6568,xhs-6a6634d1000000001c011cfd,sufficient_for_descriptive_stats,5.4,77.1,148
2026-W30,bi-metric-v1.2,brand,bi-tag-rule-v1.2,1,merch_packaging,周边包材,,,9,54,7,54,0,60611,1122.43,627,1182,2356.1,6568,xhs-6a6634d1000000001c011cfd,sufficient_for_descriptive_stats,4,75.55,152.2
2026-W30,bi-metric-v1.2,brand,bi-tag-rule-v1.2,1,frozen_dessert,冰品甜品,,,5,12,3,12,0,8623,718.58,417.5,1066.75,1528,2354,xhs-6a62d580000000000100181a,sufficient_for_descriptive_stats,8.2,105.45,155
2026-W30,bi-metric-v1.2,brand,bi-tag-rule-v1.2,1,non_product,非产品内容,,,3,3,3,3,0,39623,13207.67,1336,19168,29867.2,37000,xhs-6a66d7e7000000001101fb64,small_sample,9.6,57.7,97.9
2026-W30,bi-metric-v1.2,brand,bi-tag-rule-v1.2,1,other_beverage,其他饮品,,,3,11,3,11,0,6760,614.55,265,922,1420,2354,xhs-6a62d580000000000100181a,sufficient_for_descriptive_stats,11.6,107.7,155
2026-W30,bi-metric-v1.2,brand,bi-tag-rule-v1.2,2,fruit_tea,果茶／果饮,tea,茶饮,12,26,4,26,0,51453,1978.96,911,2236,5660,11000,xhs-6a61909f0000000001002bb5,sufficient_for_descriptive_stats,3.7,102.75,155.7
2026-W30,bi-metric-v1.2,brand,bi-tag-rule-v1.2,2,flavored_specialty,风味特调咖啡,coffee,咖啡,9,36,3,36,0,43273,1202.03,698,1255.25,3011.5,6568,xhs-6a6634d1000000001c011cfd,sufficient_for_descriptive_stats,5.4,75.5,147.8
2026-W30,bi-metric-v1.2,brand,bi-tag-rule-v1.2,2,other_merchandise,其他周边,merch_packaging,周边包材,8,53,7,53,0,60379,1139.23,642,1191,2356.4,6568,xhs-6a6634d1000000001c011cfd,sufficient_for_descriptive_stats,4,75.6,152.2
2026-W30,bi-metric-v1.2,brand,bi-tag-rule-v1.2,2,tea_specialty,茶基底特调,tea,茶饮,5,17,5,17,0,29517,1736.29,518,1155,4760.4,11000,xhs-6a61909f0000000001002bb5,sufficient_for_descriptive_stats,3.7,35.2,147
2026-W30,bi-metric-v1.2,brand,bi-tag-rule-v1.2,2,americano_black,美式／黑咖,coffee,咖啡,4,7,3,7,0,6873,981.86,363,1566,2212.4,2834,xhs-6a632195000000000f02bdfd,sufficient_for_descriptive_stats,28.5,77.2,147.8
2026-W30,bi-metric-v1.2,brand,bi-tag-rule-v1.2,2,slush_ice_drink,冰沙／冰饮,frozen_dessert,冰品甜品,3,10,2,10,0,6671,667.1,344,935.5,1513.4,2354,xhs-6a62d580000000000100181a,sufficient_for_descriptive_stats,8.2,105.55,155
2026-W30,bi-metric-v1.2,brand,bi-tag-rule-v1.2,2,non_product,非产品内容,non_product,非产品内容,3,3,3,3,0,39623,13207.67,1336,19168,29867.2,37000,xhs-6a66d7e7000000001101fb64,small_sample,9.6,57.7,97.9
2026-W30,bi-metric-v1.2,brand,bi-tag-rule-v1.2,2,badge_magnet_sticker_card,徽章／冰箱贴／贴纸／卡片,merch_packaging,周边包材,3,28,3,28,0,34828,1243.86,634,1263.5,3475.5,5722,xhs-6a620670000000001101feb4,sufficient_for_descriptive_stats,4,75.55,125.5
2026-W30,bi-metric-v1.2,brand,bi-tag-rule-v1.2,2,milk_coffee,奶咖,coffee,咖啡,3,4,3,4,0,2643,660.75,396,773.25,1317.3,1680,xhs-6a603293000000001303c324,small_sample,32.1,118.8,148
2026-W30,bi-metric-v1.2,brand,bi-tag-rule-v1.2,2,drinkware,杯具,merch_packaging,周边包材,2,20,2,20,0,20721,1036.05,492.5,1341.75,2440.2,4144,xhs-6a61f537000000000100dc0c,sufficient_for_descriptive_stats,5.4,76,130.7
2026-W30,bi-metric-v1.2,brand,bi-tag-rule-v1.2,2,yogurt_fermented,酸奶／发酵乳,other_beverage,其他饮品,2,8,2,8,0,6529,816.13,659,1066.75,1700.2,2354,xhs-6a62d580000000000100181a,sufficient_for_descriptive_stats,11.6,107.05,152.2
2026-W30,bi-metric-v1.2,brand,bi-tag-rule-v1.2,2,gelato_shaved,Gelato／炒冰,frozen_dessert,冰品甜品,2,2,1,2,0,1952,976,976,1258,1427.2,1540,xhs-6a61793b000000001303cc49,small_sample,74.7,91.1,107.5
2026-W30,bi-metric-v1.2,brand,bi-tag-rule-v1.2,2,pure_tea,纯茶,tea,茶饮,1,9,1,9,0,16026,1780.67,1001,1367,4852.4,5722,xhs-6a620670000000001101feb4,sufficient_for_descriptive_stats,4,78.4,125.5
2026-W30,bi-metric-v1.2,brand,bi-tag-rule-v1.2,2,fruit_tea_coffee,果咖／茶咖,coffee,咖啡,1,18,1,18,0,18570,1031.67,478.5,1223.5,2606.6,4144,xhs-6a61f537000000000100dc0c,sufficient_for_descriptive_stats,5.4,75.5,124
2026-W30,bi-metric-v1.2,brand,bi-tag-rule-v1.2,2,cold_brew,冷萃,coffee,咖啡,1,7,1,7,0,10608,1515.43,851,1137.5,3341.8,6568,xhs-6a6634d1000000001c011cfd,sufficient_for_descriptive_stats,21.2,75,123.2
2026-W30,bi-metric-v1.2,brand,bi-tag-rule-v1.2,2,other_beverage,其他饮品,other_beverage,其他饮品,1,3,1,3,0,231,77,52,98,125.6,144,xhs-6a5edbe4000000000100fdec,small_sample,103.4,130.5,155
2026-W30,bi-metric-v1.2,brand,bi-tag-rule-v1.2,2,fresh_milk_tea,鲜奶茶／轻乳茶,tea,茶饮,1,1,1,1,0,460,460,460,460,460,460,xhs-6a65f5f800000000110195f1,small_sample,25.8,25.8,25.8
