period_id,dimension_type,dimension_id,dimension_name,metric_id,metric_value,source_class,metric_version
2026-W30,theme,product_action,产品动作,event_count,20,brand,bi-metric-v1.2
2026-W30,theme,product_action,产品动作,content_count,77,brand,bi-metric-v1.2
2026-W30,theme,product_action,产品动作,active_brand_count,9,brand,bi-metric-v1.2
2026-W30,theme,product_action,产品动作,likes_valid_count,77,brand,bi-metric-v1.2
2026-W30,theme,product_action,产品动作,likes_median,612,brand,bi-metric-v1.2
2026-W30,theme,product_action,产品动作,likes_p75,1207,brand,bi-metric-v1.2
2026-W30,theme,product_action,产品动作,likes_mean,1320.19,brand,bi-metric-v1.2
2026-W30,theme,product_action,产品动作,likes_max,11000,brand,bi-metric-v1.2
2026-W30,theme,collaboration,联名合作,event_count,9,brand,bi-metric-v1.2
2026-W30,theme,collaboration,联名合作,content_count,50,brand,bi-metric-v1.2
2026-W30,theme,collaboration,联名合作,active_brand_count,6,brand,bi-metric-v1.2
2026-W30,theme,collaboration,联名合作,likes_valid_count,50,brand,bi-metric-v1.2
2026-W30,theme,collaboration,联名合作,likes_median,698,brand,bi-metric-v1.2
2026-W30,theme,collaboration,联名合作,likes_p75,1223.5,brand,bi-metric-v1.2
2026-W30,theme,collaboration,联名合作,likes_mean,1199.84,brand,bi-metric-v1.2
2026-W30,theme,collaboration,联名合作,likes_max,6568,brand,bi-metric-v1.2
2026-W30,theme,brand_event,品牌事件,event_count,15,brand,bi-metric-v1.2
2026-W30,theme,brand_event,品牌事件,content_count,17,brand,bi-metric-v1.2
2026-W30,theme,brand_event,品牌事件,active_brand_count,7,brand,bi-metric-v1.2
2026-W30,theme,brand_event,品牌事件,likes_valid_count,17,brand,bi-metric-v1.2
2026-W30,theme,brand_event,品牌事件,likes_median,1287,brand,bi-metric-v1.2
2026-W30,theme,brand_event,品牌事件,likes_p75,1798,brand,bi-metric-v1.2
2026-W30,theme,brand_event,品牌事件,likes_mean,3523.06,brand,bi-metric-v1.2
2026-W30,theme,brand_event,品牌事件,likes_max,37000,brand,bi-metric-v1.2
2026-W30,tag,product-new-launch,新品上市,event_count,5,brand,bi-metric-v1.2
2026-W30,tag,product-new-launch,新品上市,content_count,7,brand,bi-metric-v1.2
2026-W30,tag,product-new-launch,新品上市,active_brand_count,4,brand,bi-metric-v1.2
2026-W30,tag,product-new-launch,新品上市,likes_valid_count,7,brand,bi-metric-v1.2
2026-W30,tag,product-new-launch,新品上市,likes_median,729,brand,bi-metric-v1.2
2026-W30,tag,product-new-launch,新品上市,likes_p75,1631,brand,bi-metric-v1.2
2026-W30,tag,product-product-bundle,联名产品或套餐,event_count,5,brand,bi-metric-v1.2
2026-W30,tag,product-product-bundle,联名产品或套餐,content_count,39,brand,bi-metric-v1.2
2026-W30,tag,product-product-bundle,联名产品或套餐,active_brand_count,4,brand,bi-metric-v1.2
2026-W30,tag,product-product-bundle,联名产品或套餐,likes_valid_count,39,brand,bi-metric-v1.2
2026-W30,tag,product-product-bundle,联名产品或套餐,likes_median,754,brand,bi-metric-v1.2
2026-W30,tag,product-product-bundle,联名产品或套餐,likes_p75,1218,brand,bi-metric-v1.2
2026-W30,tag,product-lemon,柠檬,event_count,5,brand,bi-metric-v1.2
2026-W30,tag,product-lemon,柠檬,content_count,18,brand,bi-metric-v1.2
2026-W30,tag,product-lemon,柠檬,active_brand_count,4,brand,bi-metric-v1.2
2026-W30,tag,product-lemon,柠檬,likes_valid_count,18,brand,bi-metric-v1.2
2026-W30,tag,product-lemon,柠檬,likes_median,790,brand,bi-metric-v1.2
2026-W30,tag,product-lemon,柠檬,likes_p75,1068.5,brand,bi-metric-v1.2
2026-W30,tag,product-jasmine,茉莉,event_count,3,brand,bi-metric-v1.2
2026-W30,tag,product-jasmine,茉莉,content_count,5,brand,bi-metric-v1.2
2026-W30,tag,product-jasmine,茉莉,active_brand_count,2,brand,bi-metric-v1.2
2026-W30,tag,product-jasmine,茉莉,likes_valid_count,5,brand,bi-metric-v1.2
2026-W30,tag,product-jasmine,茉莉,likes_median,647,brand,bi-metric-v1.2
2026-W30,tag,product-jasmine,茉莉,likes_p75,1022,brand,bi-metric-v1.2
2026-W30,tag,product-yogurt,酸奶,event_count,3,brand,bi-metric-v1.2
2026-W30,tag,product-yogurt,酸奶,content_count,14,brand,bi-metric-v1.2
2026-W30,tag,product-yogurt,酸奶,active_brand_count,3,brand,bi-metric-v1.2
2026-W30,tag,product-yogurt,酸奶,likes_valid_count,14,brand,bi-metric-v1.2
2026-W30,tag,product-yogurt,酸奶,likes_median,922,brand,bi-metric-v1.2
2026-W30,tag,product-yogurt,酸奶,likes_p75,2348.25,brand,bi-metric-v1.2
2026-W30,tag,product-passion-fruit,百香果,event_count,3,brand,bi-metric-v1.2
2026-W30,tag,product-passion-fruit,百香果,content_count,10,brand,bi-metric-v1.2
2026-W30,tag,product-passion-fruit,百香果,active_brand_count,3,brand,bi-metric-v1.2
2026-W30,tag,product-passion-fruit,百香果,likes_valid_count,10,brand,bi-metric-v1.2
2026-W30,tag,product-passion-fruit,百香果,likes_median,471.5,brand,bi-metric-v1.2
2026-W30,tag,product-passion-fruit,百香果,likes_p75,1025.75,brand,bi-metric-v1.2
2026-W30,tag,product-series-launch,系列上新,event_count,3,brand,bi-metric-v1.2
2026-W30,tag,product-series-launch,系列上新,content_count,10,brand,bi-metric-v1.2
2026-W30,tag,product-series-launch,系列上新,active_brand_count,3,brand,bi-metric-v1.2
2026-W30,tag,product-series-launch,系列上新,likes_valid_count,10,brand,bi-metric-v1.2
2026-W30,tag,product-series-launch,系列上新,likes_median,659,brand,bi-metric-v1.2
2026-W30,tag,product-series-launch,系列上新,likes_p75,1003.75,brand,bi-metric-v1.2
2026-W30,tag,product-pineapple,菠萝,event_count,2,brand,bi-metric-v1.2
2026-W30,tag,product-pineapple,菠萝,content_count,25,brand,bi-metric-v1.2
2026-W30,tag,product-pineapple,菠萝,active_brand_count,2,brand,bi-metric-v1.2
2026-W30,tag,product-pineapple,菠萝,likes_valid_count,25,brand,bi-metric-v1.2
2026-W30,tag,product-pineapple,菠萝,likes_median,545,brand,bi-metric-v1.2
2026-W30,tag,product-pineapple,菠萝,likes_p75,1207,brand,bi-metric-v1.2
2026-W30,tag,collaboration-product-bundle,联名产品或套餐,event_count,5,brand,bi-metric-v1.2
2026-W30,tag,collaboration-product-bundle,联名产品或套餐,content_count,39,brand,bi-metric-v1.2
2026-W30,tag,collaboration-product-bundle,联名产品或套餐,active_brand_count,4,brand,bi-metric-v1.2
2026-W30,tag,collaboration-product-bundle,联名产品或套餐,likes_valid_count,39,brand,bi-metric-v1.2
2026-W30,tag,collaboration-product-bundle,联名产品或套餐,likes_median,754,brand,bi-metric-v1.2
2026-W30,tag,collaboration-product-bundle,联名产品或套餐,likes_p75,1218,brand,bi-metric-v1.2
2026-W30,tag,collaboration-offline-event,联名线下活动,event_count,2,brand,bi-metric-v1.2
2026-W30,tag,collaboration-offline-event,联名线下活动,content_count,2,brand,bi-metric-v1.2
2026-W30,tag,collaboration-offline-event,联名线下活动,active_brand_count,2,brand,bi-metric-v1.2
2026-W30,tag,collaboration-offline-event,联名线下活动,likes_valid_count,2,brand,bi-metric-v1.2
2026-W30,tag,collaboration-offline-event,联名线下活动,likes_median,1176,brand,bi-metric-v1.2
2026-W30,tag,collaboration-offline-event,联名线下活动,likes_p75,1231.5,brand,bi-metric-v1.2
2026-W30,tag,collaboration-duolingo,多邻国,event_count,1,brand,bi-metric-v1.2
2026-W30,tag,collaboration-duolingo,多邻国,content_count,2,brand,bi-metric-v1.2
2026-W30,tag,collaboration-duolingo,多邻国,active_brand_count,1,brand,bi-metric-v1.2
2026-W30,tag,collaboration-duolingo,多邻国,likes_valid_count,2,brand,bi-metric-v1.2
2026-W30,tag,collaboration-duolingo,多邻国,likes_median,2316,brand,bi-metric-v1.2
2026-W30,tag,collaboration-duolingo,多邻国,likes_p75,2575,brand,bi-metric-v1.2
2026-W30,tag,collaboration-honor-of-kings,王者荣耀,event_count,1,brand,bi-metric-v1.2
2026-W30,tag,collaboration-honor-of-kings,王者荣耀,content_count,9,brand,bi-metric-v1.2
2026-W30,tag,collaboration-honor-of-kings,王者荣耀,active_brand_count,1,brand,bi-metric-v1.2
2026-W30,tag,collaboration-honor-of-kings,王者荣耀,likes_valid_count,9,brand,bi-metric-v1.2
2026-W30,tag,collaboration-honor-of-kings,王者荣耀,likes_median,1001,brand,bi-metric-v1.2
2026-W30,tag,collaboration-honor-of-kings,王者荣耀,likes_p75,1367,brand,bi-metric-v1.2
2026-W30,tag,collaboration-crocs,Crocs,event_count,1,brand,bi-metric-v1.2
2026-W30,tag,collaboration-crocs,Crocs,content_count,7,brand,bi-metric-v1.2
2026-W30,tag,collaboration-crocs,Crocs,active_brand_count,1,brand,bi-metric-v1.2
2026-W30,tag,collaboration-crocs,Crocs,likes_valid_count,7,brand,bi-metric-v1.2
2026-W30,tag,collaboration-crocs,Crocs,likes_median,851,brand,bi-metric-v1.2
2026-W30,tag,collaboration-crocs,Crocs,likes_p75,1137.5,brand,bi-metric-v1.2
2026-W30,tag,collaboration-miffy,米菲,event_count,1,brand,bi-metric-v1.2
2026-W30,tag,collaboration-miffy,米菲,content_count,2,brand,bi-metric-v1.2
2026-W30,tag,collaboration-miffy,米菲,active_brand_count,1,brand,bi-metric-v1.2
2026-W30,tag,collaboration-miffy,米菲,likes_valid_count,2,brand,bi-metric-v1.2
2026-W30,tag,collaboration-miffy,米菲,likes_median,1075.5,brand,bi-metric-v1.2
2026-W30,tag,collaboration-miffy,米菲,likes_p75,1377.75,brand,bi-metric-v1.2
2026-W30,tag,collaboration-sanrio,三丽鸥,event_count,1,brand,bi-metric-v1.2
2026-W30,tag,collaboration-sanrio,三丽鸥,content_count,1,brand,bi-metric-v1.2
2026-W30,tag,collaboration-sanrio,三丽鸥,active_brand_count,1,brand,bi-metric-v1.2
2026-W30,tag,collaboration-sanrio,三丽鸥,likes_valid_count,1,brand,bi-metric-v1.2
2026-W30,tag,collaboration-sanrio,三丽鸥,likes_median,1065,brand,bi-metric-v1.2
2026-W30,tag,collaboration-sanrio,三丽鸥,likes_p75,1065,brand,bi-metric-v1.2
2026-W30,tag,collaboration-spider-man,蜘蛛侠,event_count,1,brand,bi-metric-v1.2
2026-W30,tag,collaboration-spider-man,蜘蛛侠,content_count,18,brand,bi-metric-v1.2
2026-W30,tag,collaboration-spider-man,蜘蛛侠,active_brand_count,1,brand,bi-metric-v1.2
2026-W30,tag,collaboration-spider-man,蜘蛛侠,likes_valid_count,18,brand,bi-metric-v1.2
2026-W30,tag,collaboration-spider-man,蜘蛛侠,likes_median,478.5,brand,bi-metric-v1.2
2026-W30,tag,collaboration-spider-man,蜘蛛侠,likes_p75,1223.5,brand,bi-metric-v1.2
2026-W30,tag,brand-new-format,新店型,event_count,3,brand,bi-metric-v1.2
2026-W30,tag,brand-new-format,新店型,content_count,3,brand,bi-metric-v1.2
2026-W30,tag,brand-new-format,新店型,active_brand_count,2,brand,bi-metric-v1.2
2026-W30,tag,brand-new-format,新店型,likes_valid_count,3,brand,bi-metric-v1.2
2026-W30,tag,brand-new-format,新店型,likes_median,1336,brand,bi-metric-v1.2
2026-W30,tag,brand-new-format,新店型,likes_p75,1438,brand,bi-metric-v1.2
2026-W30,tag,brand-ugc,UGC互动,event_count,3,brand,bi-metric-v1.2
2026-W30,tag,brand-ugc,UGC互动,content_count,3,brand,bi-metric-v1.2
2026-W30,tag,brand-ugc,UGC互动,active_brand_count,2,brand,bi-metric-v1.2
2026-W30,tag,brand-ugc,UGC互动,likes_valid_count,3,brand,bi-metric-v1.2
2026-W30,tag,brand-ugc,UGC互动,likes_median,499,brand,bi-metric-v1.2
2026-W30,tag,brand-ugc,UGC互动,likes_p75,713,brand,bi-metric-v1.2
2026-W30,tag,brand-offline-event,联名线下活动,event_count,2,brand,bi-metric-v1.2
2026-W30,tag,brand-offline-event,联名线下活动,content_count,2,brand,bi-metric-v1.2
2026-W30,tag,brand-offline-event,联名线下活动,active_brand_count,2,brand,bi-metric-v1.2
2026-W30,tag,brand-offline-event,联名线下活动,likes_valid_count,2,brand,bi-metric-v1.2
2026-W30,tag,brand-offline-event,联名线下活动,likes_median,1176,brand,bi-metric-v1.2
2026-W30,tag,brand-offline-event,联名线下活动,likes_p75,1231.5,brand,bi-metric-v1.2
2026-W30,tag,brand-seasonal,节日营销,event_count,2,brand,bi-metric-v1.2
2026-W30,tag,brand-seasonal,节日营销,content_count,3,brand,bi-metric-v1.2
2026-W30,tag,brand-seasonal,节日营销,active_brand_count,2,brand,bi-metric-v1.2
2026-W30,tag,brand-seasonal,节日营销,likes_valid_count,3,brand,bi-metric-v1.2
2026-W30,tag,brand-seasonal,节日营销,likes_median,363,brand,bi-metric-v1.2
2026-W30,tag,brand-seasonal,节日营销,likes_p75,848.5,brand,bi-metric-v1.2
2026-W30,tag,brand-corporate-legal,企业/法律/公共事务,event_count,1,brand,bi-metric-v1.2
2026-W30,tag,brand-corporate-legal,企业/法律/公共事务,content_count,1,brand,bi-metric-v1.2
2026-W30,tag,brand-corporate-legal,企业/法律/公共事务,active_brand_count,1,brand,bi-metric-v1.2
2026-W30,tag,brand-corporate-legal,企业/法律/公共事务,likes_valid_count,1,brand,bi-metric-v1.2
2026-W30,tag,brand-corporate-legal,企业/法律/公共事务,likes_median,37000,brand,bi-metric-v1.2
2026-W30,tag,brand-corporate-legal,企业/法律/公共事务,likes_p75,37000,brand,bi-metric-v1.2
2026-W30,tag,brand-person,人物传播,event_count,1,brand,bi-metric-v1.2
2026-W30,tag,brand-person,人物传播,content_count,1,brand,bi-metric-v1.2
2026-W30,tag,brand-person,人物传播,active_brand_count,1,brand,bi-metric-v1.2
2026-W30,tag,brand-person,人物传播,likes_valid_count,1,brand,bi-metric-v1.2
2026-W30,tag,brand-person,人物传播,likes_median,5053,brand,bi-metric-v1.2
2026-W30,tag,brand-person,人物传播,likes_p75,5053,brand,bi-metric-v1.2
2026-W30,tag,brand-supply-chain,原料/产区/供应链,event_count,1,brand,bi-metric-v1.2
2026-W30,tag,brand-supply-chain,原料/产区/供应链,content_count,1,brand,bi-metric-v1.2
2026-W30,tag,brand-supply-chain,原料/产区/供应链,active_brand_count,1,brand,bi-metric-v1.2
2026-W30,tag,brand-supply-chain,原料/产区/供应链,likes_valid_count,1,brand,bi-metric-v1.2
2026-W30,tag,brand-supply-chain,原料/产区/供应链,likes_median,3730,brand,bi-metric-v1.2
2026-W30,tag,brand-supply-chain,原料/产区/供应链,likes_p75,3730,brand,bi-metric-v1.2
2026-W30,tag,brand-store-channel,门店渠道,event_count,1,brand,bi-metric-v1.2
2026-W30,tag,brand-store-channel,门店渠道,content_count,1,brand,bi-metric-v1.2
2026-W30,tag,brand-store-channel,门店渠道,active_brand_count,1,brand,bi-metric-v1.2
2026-W30,tag,brand-store-channel,门店渠道,likes_valid_count,1,brand,bi-metric-v1.2
2026-W30,tag,brand-store-channel,门店渠道,likes_median,257,brand,bi-metric-v1.2
2026-W30,tag,brand-store-channel,门店渠道,likes_p75,257,brand,bi-metric-v1.2
2026-W30,tag,product-routine-promotion,常规产品传播,event_count,1,brand,bi-metric-v1.2
2026-W30,tag,product-routine-promotion,常规产品传播,content_count,1,brand,bi-metric-v1.2
2026-W30,tag,product-routine-promotion,常规产品传播,active_brand_count,1,brand,bi-metric-v1.2
2026-W30,tag,product-routine-promotion,常规产品传播,likes_valid_count,1,brand,bi-metric-v1.2
2026-W30,tag,product-routine-promotion,常规产品传播,likes_median,321,brand,bi-metric-v1.2
2026-W30,tag,product-routine-promotion,常规产品传播,likes_p75,321,brand,bi-metric-v1.2
